report_month,price_range,listings,sales_prev_12mo,months_inventory,source_pdf,parsed_at
2024-01,"$125,000 - $249,999",6568.0,29820.0,2.6,data\pdfs\nc_housing_2024-01.pdf,2026-02-23 15:47:55
2024-01,$1M - $1.99M,2214.0,4832.0,5.5,data\pdfs\nc_housing_2024-01.pdf,2026-02-23 15:47:55
2024-01,"$250,000 - $374,999",13240.0,47287.0,3.4,data\pdfs\nc_housing_2024-01.pdf,2026-02-23 15:47:55
2024-01,$2M and up,793.0,895.0,10.7,data\pdfs\nc_housing_2024-01.pdf,2026-02-23 15:47:55
2024-01,"$375,000 - $499,999",9378.0,32149.0,3.5,data\pdfs\nc_housing_2024-01.pdf,2026-02-23 15:47:55
2024-01,"$500,000 - $624,999",4021.0,13460.0,3.6,data\pdfs\nc_housing_2024-01.pdf,2026-02-23 15:47:55
2024-01,"$625,000 - $749,999",2439.0,8402.0,3.5,data\pdfs\nc_housing_2024-01.pdf,2026-02-23 15:47:55
2024-01,"$750,000 - $874,999",1408.0,4301.0,3.9,data\pdfs\nc_housing_2024-01.pdf,2026-02-23 15:47:55
2024-01,"$875,000 - $999,999",1055.0,2644.0,4.8,data\pdfs\nc_housing_2024-01.pdf,2026-02-23 15:47:55
2024-01,"Below $125,000",1247.0,5734.0,2.6,data\pdfs\nc_housing_2024-01.pdf,2026-02-23 15:47:55
2024-02,"$125,000 - $249,999",6784.0,29329.0,2.8,data\pdfs\nc_housing_2024-02.pdf,2026-02-23 15:48:34
2024-02,$1M - $1.99M,2431.0,4897.0,6.0,data\pdfs\nc_housing_2024-02.pdf,2026-02-23 15:48:34
2024-02,"$250,000 - $374,999",12940.0,47415.0,3.3,data\pdfs\nc_housing_2024-02.pdf,2026-02-23 15:48:34
2024-02,$2M and up,824.0,916.0,10.8,data\pdfs\nc_housing_2024-02.pdf,2026-02-23 15:48:34
2024-02,"$375,000 - $499,999",9342.0,32131.0,3.5,data\pdfs\nc_housing_2024-02.pdf,2026-02-23 15:48:34
2024-02,"$500,000 - $624,999",4165.0,13465.0,3.7,data\pdfs\nc_housing_2024-02.pdf,2026-02-23 15:48:34
2024-02,"$625,000 - $749,999",2591.0,8464.0,3.7,data\pdfs\nc_housing_2024-02.pdf,2026-02-23 15:48:34
2024-02,"$750,000 - $874,999",1522.0,4293.0,4.3,data\pdfs\nc_housing_2024-02.pdf,2026-02-23 15:48:34
2024-02,"$875,000 - $999,999",1144.0,2689.0,5.1,data\pdfs\nc_housing_2024-02.pdf,2026-02-23 15:48:34
2024-02,"Below $125,000",1230.0,5580.0,2.6,data\pdfs\nc_housing_2024-02.pdf,2026-02-23 15:48:34
2024-03,"$125,000 - $249,999",7217.0,29019.0,3.0,data\pdfs\nc_housing_2024-03.pdf,2026-02-23 15:48:36
2024-03,$1M - $1.99M,2813.0,4949.0,6.8,data\pdfs\nc_housing_2024-03.pdf,2026-02-23 15:48:36
2024-03,"$250,000 - $374,999",14567.0,47956.0,3.6,data\pdfs\nc_housing_2024-03.pdf,2026-02-23 15:48:36
2024-03,$2M and up,977.0,953.0,12.4,data\pdfs\nc_housing_2024-03.pdf,2026-02-23 15:48:36
2024-03,"$375,000 - $499,999",10995.0,32369.0,4.1,data\pdfs\nc_housing_2024-03.pdf,2026-02-23 15:48:36
2024-03,"$500,000 - $624,999",4828.0,13598.0,4.3,data\pdfs\nc_housing_2024-03.pdf,2026-02-23 15:48:36
2024-03,"$625,000 - $749,999",2969.0,8525.0,4.2,data\pdfs\nc_housing_2024-03.pdf,2026-02-23 15:48:36
2024-03,"$750,000 - $874,999",1739.0,4361.0,4.8,data\pdfs\nc_housing_2024-03.pdf,2026-02-23 15:48:36
2024-03,"$875,000 - $999,999",1324.0,2737.0,5.8,data\pdfs\nc_housing_2024-03.pdf,2026-02-23 15:48:36
2024-03,"Below $125,000",1260.0,5463.0,2.8,data\pdfs\nc_housing_2024-03.pdf,2026-02-23 15:48:36
2024-04,"$125,000 - $249,999",7187.0,28297.0,3.0,data\pdfs\nc_housing_2024-04.pdf,2026-03-04 11:14:35
2024-04,$1M - $1.99M,3037.0,5027.0,7.3,data\pdfs\nc_housing_2024-04.pdf,2026-03-04 11:14:35
2024-04,"$250,000 - $374,999",14915.0,47152.0,3.8,data\pdfs\nc_housing_2024-04.pdf,2026-03-04 11:14:35
2024-04,$2M and up,1083.0,969.0,13.5,data\pdfs\nc_housing_2024-04.pdf,2026-03-04 11:14:35
2024-04,"$375,000 - $499,999",11348.0,31866.0,4.3,data\pdfs\nc_housing_2024-04.pdf,2026-03-04 11:14:35
2024-04,"$500,000 - $624,999",5051.0,13544.0,4.5,data\pdfs\nc_housing_2024-04.pdf,2026-03-04 11:14:35
2024-04,"$625,000 - $749,999",3167.0,8421.0,4.5,data\pdfs\nc_housing_2024-04.pdf,2026-03-04 11:14:35
2024-04,"$750,000 - $874,999",1950.0,4414.0,5.3,data\pdfs\nc_housing_2024-04.pdf,2026-03-04 11:14:35
2024-04,"$875,000 - $999,999",1446.0,2752.0,6.3,data\pdfs\nc_housing_2024-04.pdf,2026-03-04 11:14:35
2024-04,"Below $125,000",1219.0,5242.0,2.8,data\pdfs\nc_housing_2024-04.pdf,2026-03-04 11:14:35
2024-05,"$125,000 - $249,999",7205.0,28088.0,3.1,data\pdfs\nc_housing_2024-05.pdf,2026-03-04 11:14:35
2024-05,$1M - $1.99M,3241.0,5129.0,7.6,data\pdfs\nc_housing_2024-05.pdf,2026-03-04 11:14:35
2024-05,"$250,000 - $374,999",15020.0,47379.0,3.8,data\pdfs\nc_housing_2024-05.pdf,2026-03-04 11:14:35
2024-05,$2M and up,1119.0,1025.0,13.2,data\pdfs\nc_housing_2024-05.pdf,2026-03-04 11:14:35
2024-05,"$375,000 - $499,999",11794.0,31898.0,4.4,data\pdfs\nc_housing_2024-05.pdf,2026-03-04 11:14:35
2024-05,"$500,000 - $624,999",5415.0,13727.0,4.7,data\pdfs\nc_housing_2024-05.pdf,2026-03-04 11:14:35
2024-05,"$625,000 - $749,999",3384.0,8530.0,4.8,data\pdfs\nc_housing_2024-05.pdf,2026-03-04 11:14:35
2024-05,"$750,000 - $874,999",2109.0,4467.0,5.7,data\pdfs\nc_housing_2024-05.pdf,2026-03-04 11:14:35
2024-05,"$875,000 - $999,999",1522.0,2864.0,6.4,data\pdfs\nc_housing_2024-05.pdf,2026-03-04 11:14:35
2024-05,"Below $125,000",1249.0,5156.0,2.9,data\pdfs\nc_housing_2024-05.pdf,2026-03-04 11:14:35
2024-06,"$125,000 - $249,999",7316.0,27811.0,3.2,data\pdfs\nc_housing_2024-06.pdf,2026-03-04 11:14:35
2024-06,$1M - $1.99M,3306.0,5215.0,7.6,data\pdfs\nc_housing_2024-06.pdf,2026-03-04 11:14:35
2024-06,"$250,000 - $374,999",14716.0,47337.0,3.7,data\pdfs\nc_housing_2024-06.pdf,2026-03-04 11:14:35
2024-06,$2M and up,1156.0,1079.0,13.0,data\pdfs\nc_housing_2024-06.pdf,2026-03-04 11:14:35
2024-06,"$375,000 - $499,999",11854.0,31912.0,4.5,data\pdfs\nc_housing_2024-06.pdf,2026-03-04 11:14:35
2024-06,"$500,000 - $624,999",5536.0,13657.0,4.9,data\pdfs\nc_housing_2024-06.pdf,2026-03-04 11:14:35
2024-06,"$625,000 - $749,999",3349.0,8611.0,4.7,data\pdfs\nc_housing_2024-06.pdf,2026-03-04 11:14:35
2024-06,"$750,000 - $874,999",2198.0,4537.0,5.8,data\pdfs\nc_housing_2024-06.pdf,2026-03-04 11:14:35
2024-06,"$875,000 - $999,999",1518.0,2900.0,6.3,data\pdfs\nc_housing_2024-06.pdf,2026-03-04 11:14:35
2024-06,"Below $125,000",1239.0,4948.0,3.0,data\pdfs\nc_housing_2024-06.pdf,2026-03-04 11:14:35
2024-07,"$125,000 - $249,999",7244.0,27147.0,3.2,data\pdfs\nc_housing_2024-07.pdf,2026-03-04 11:14:35
2024-07,$1M - $1.99M,3255.0,5236.0,7.5,data\pdfs\nc_housing_2024-07.pdf,2026-03-04 11:14:35
2024-07,"$250,000 - $374,999",14693.0,46393.0,3.8,data\pdfs\nc_housing_2024-07.pdf,2026-03-04 11:14:35
2024-07,$2M and up,1157.0,1070.0,13.0,data\pdfs\nc_housing_2024-07.pdf,2026-03-04 11:14:35
2024-07,"$375,000 - $499,999",11979.0,31364.0,4.6,data\pdfs\nc_housing_2024-07.pdf,2026-03-04 11:14:35
2024-07,"$500,000 - $624,999",5467.0,13400.0,4.9,data\pdfs\nc_housing_2024-07.pdf,2026-03-04 11:14:35
2024-07,"$625,000 - $749,999",3328.0,8551.0,4.7,data\pdfs\nc_housing_2024-07.pdf,2026-03-04 11:14:35
2024-07,"$750,000 - $874,999",2126.0,4555.0,5.6,data\pdfs\nc_housing_2024-07.pdf,2026-03-04 11:14:35
2024-07,"$875,000 - $999,999",1515.0,2953.0,6.2,data\pdfs\nc_housing_2024-07.pdf,2026-03-04 11:14:35
2024-07,"Below $125,000",1191.0,4699.0,3.0,data\pdfs\nc_housing_2024-07.pdf,2026-03-04 11:14:35
2024-08,"$125,000 - $249,999",7565.0,27101.0,3.4,data\pdfs\nc_housing_2024-08.pdf,2026-03-04 11:14:37
2024-08,$1M - $1.99M,3201.0,5304.0,7.2,data\pdfs\nc_housing_2024-08.pdf,2026-03-04 11:14:37
2024-08,"$250,000 - $374,999",15217.0,45517.0,4.0,data\pdfs\nc_housing_2024-08.pdf,2026-03-04 11:14:37
2024-08,$2M and up,1148.0,1124.0,12.3,data\pdfs\nc_housing_2024-08.pdf,2026-03-04 11:14:37
2024-08,"$375,000 - $499,999",12130.0,30907.0,4.7,data\pdfs\nc_housing_2024-08.pdf,2026-03-04 11:14:37
2024-08,"$500,000 - $624,999",5468.0,13418.0,4.9,data\pdfs\nc_housing_2024-08.pdf,2026-03-04 11:14:37
2024-08,"$625,000 - $749,999",3384.0,8442.0,4.8,data\pdfs\nc_housing_2024-08.pdf,2026-03-04 11:14:37
2024-08,"$750,000 - $874,999",2125.0,4673.0,5.5,data\pdfs\nc_housing_2024-08.pdf,2026-03-04 11:14:37
2024-08,"$875,000 - $999,999",1534.0,3025.0,6.1,data\pdfs\nc_housing_2024-08.pdf,2026-03-04 11:14:37
2024-08,"Below $125,000",1236.0,4619.0,3.2,data\pdfs\nc_housing_2024-08.pdf,2026-03-04 11:14:37
2024-09,"$125,000 - $249,999",7719.0,26586.0,3.5,data\pdfs\nc_housing_2024-09.pdf,2026-03-04 11:14:37
2024-09,$1M - $1.99M,3329.0,5375.0,7.4,data\pdfs\nc_housing_2024-09.pdf,2026-03-04 11:14:37
2024-09,"$250,000 - $374,999",15220.0,45264.0,4.0,data\pdfs\nc_housing_2024-09.pdf,2026-03-04 11:14:37
2024-09,$2M and up,1154.0,1147.0,12.1,data\pdfs\nc_housing_2024-09.pdf,2026-03-04 11:14:37
2024-09,"$375,000 - $499,999",12219.0,30839.0,4.8,data\pdfs\nc_housing_2024-09.pdf,2026-03-04 11:14:37
2024-09,"$500,000 - $624,999",5546.0,13448.0,5.0,data\pdfs\nc_housing_2024-09.pdf,2026-03-04 11:14:37
2024-09,"$625,000 - $749,999",3516.0,8365.0,5.0,data\pdfs\nc_housing_2024-09.pdf,2026-03-04 11:14:37
2024-09,"$750,000 - $874,999",2107.0,4714.0,5.4,data\pdfs\nc_housing_2024-09.pdf,2026-03-04 11:14:37
2024-09,"$875,000 - $999,999",1514.0,3036.0,6.0,data\pdfs\nc_housing_2024-09.pdf,2026-03-04 11:14:37
2024-09,"Below $125,000",1236.0,4416.0,3.4,data\pdfs\nc_housing_2024-09.pdf,2026-03-04 11:14:37
2024-10,"$125,000 - $249,999",7839.0,26180.0,3.6,data\pdfs\nc_housing_2024-10.pdf,2026-03-04 11:14:36
2024-10,$1M - $1.99M,3178.0,5365.0,7.1,data\pdfs\nc_housing_2024-10.pdf,2026-03-04 11:14:36
2024-10,"$250,000 - $374,999",15526.0,45334.0,4.1,data\pdfs\nc_housing_2024-10.pdf,2026-03-04 11:14:36
2024-10,$2M and up,1083.0,1186.0,11.1,data\pdfs\nc_housing_2024-10.pdf,2026-03-04 11:14:36
2024-10,"$375,000 - $499,999",12076.0,30886.0,4.7,data\pdfs\nc_housing_2024-10.pdf,2026-03-04 11:14:36
2024-10,"$500,000 - $624,999",5456.0,13463.0,4.9,data\pdfs\nc_housing_2024-10.pdf,2026-03-04 11:14:36
2024-10,"$625,000 - $749,999",3451.0,8377.0,4.9,data\pdfs\nc_housing_2024-10.pdf,2026-03-04 11:14:36
2024-10,"$750,000 - $874,999",2049.0,4765.0,5.2,data\pdfs\nc_housing_2024-10.pdf,2026-03-04 11:14:36
2024-10,"$875,000 - $999,999",1470.0,3072.0,5.7,data\pdfs\nc_housing_2024-10.pdf,2026-03-04 11:14:36
2024-10,"Below $125,000",1274.0,4230.0,3.6,data\pdfs\nc_housing_2024-10.pdf,2026-03-04 11:14:36
2024-11,"$125,000 - $249,999",8100.0,26091.0,3.7,data\pdfs\nc_housing_2024-11.pdf,2026-03-04 11:14:36
2024-11,$1M - $1.99M,2976.0,5419.0,6.6,data\pdfs\nc_housing_2024-11.pdf,2026-03-04 11:14:36
2024-11,"$250,000 - $374,999",15102.0,45402.0,4.0,data\pdfs\nc_housing_2024-11.pdf,2026-03-04 11:14:36
2024-11,$2M and up,1027.0,1203.0,10.3,data\pdfs\nc_housing_2024-11.pdf,2026-03-04 11:14:36
2024-11,"$375,000 - $499,999",11467.0,31111.0,4.4,data\pdfs\nc_housing_2024-11.pdf,2026-03-04 11:14:36
2024-11,"$500,000 - $624,999",5201.0,13589.0,4.6,data\pdfs\nc_housing_2024-11.pdf,2026-03-04 11:14:36
2024-11,"$625,000 - $749,999",3393.0,8381.0,4.9,data\pdfs\nc_housing_2024-11.pdf,2026-03-04 11:14:36
2024-11,"$750,000 - $874,999",1910.0,4792.0,4.8,data\pdfs\nc_housing_2024-11.pdf,2026-03-04 11:14:36
2024-11,"$875,000 - $999,999",1401.0,3098.0,5.4,data\pdfs\nc_housing_2024-11.pdf,2026-03-04 11:14:36
2024-11,"Below $125,000",1310.0,4132.0,3.8,data\pdfs\nc_housing_2024-11.pdf,2026-03-04 11:14:36
2024-12,"$125,000 - $249,999",7758.0,26136.0,3.6,data\pdfs\nc_housing_2024-12.pdf,2026-03-04 11:14:36
2024-12,$1M - $1.99M,2702.0,5589.0,5.8,data\pdfs\nc_housing_2024-12.pdf,2026-03-04 11:14:36
2024-12,"$250,000 - $374,999",15230.0,47705.0,3.8,data\pdfs\nc_housing_2024-12.pdf,2026-03-04 11:14:36
2024-12,$2M and up,921.0,1213.0,9.1,data\pdfs\nc_housing_2024-12.pdf,2026-03-04 11:14:36
2024-12,"$375,000 - $499,999",10980.0,32574.0,4.0,data\pdfs\nc_housing_2024-12.pdf,2026-03-04 11:14:36
2024-12,"$500,000 - $624,999",4715.0,14116.0,4.0,data\pdfs\nc_housing_2024-12.pdf,2026-03-04 11:14:36
2024-12,"$625,000 - $749,999",2886.0,8586.0,4.0,data\pdfs\nc_housing_2024-12.pdf,2026-03-04 11:14:36
2024-12,"$750,000 - $874,999",1721.0,4907.0,4.2,data\pdfs\nc_housing_2024-12.pdf,2026-03-04 11:14:36
2024-12,"$875,000 - $999,999",1211.0,3205.0,4.5,data\pdfs\nc_housing_2024-12.pdf,2026-03-04 11:14:36
2024-12,"Below $125,000",1267.0,4054.0,3.8,data\pdfs\nc_housing_2024-12.pdf,2026-03-04 11:14:36
2025-01,"$125,000 - $249,999",7660.0,26013.0,3.5,data\pdfs\nc_housing_2025-01.pdf,2026-03-04 11:14:36
2025-01,$1M - $1.99M,2722.0,5719.0,5.7,data\pdfs\nc_housing_2025-01.pdf,2026-03-04 11:14:36
2025-01,"$250,000 - $374,999",15726.0,47872.0,3.9,data\pdfs\nc_housing_2025-01.pdf,2026-03-04 11:14:36
2025-01,$2M and up,906.0,1209.0,9.1,data\pdfs\nc_housing_2025-01.pdf,2026-03-04 11:14:36
2025-01,"$375,000 - $499,999",11391.0,32896.0,4.2,data\pdfs\nc_housing_2025-01.pdf,2026-03-04 11:14:36
2025-01,"$500,000 - $624,999",4983.0,14383.0,4.2,data\pdfs\nc_housing_2025-01.pdf,2026-03-04 11:14:36
2025-01,"$625,000 - $749,999",3102.0,8758.0,4.3,data\pdfs\nc_housing_2025-01.pdf,2026-03-04 11:14:36
2025-01,"$750,000 - $874,999",1847.0,4960.0,4.5,data\pdfs\nc_housing_2025-01.pdf,2026-03-04 11:14:36
2025-01,"$875,000 - $999,999",1259.0,3261.0,4.6,data\pdfs\nc_housing_2025-01.pdf,2026-03-04 11:14:36
2025-01,"Below $125,000",1229.0,3983.0,3.7,data\pdfs\nc_housing_2025-01.pdf,2026-03-04 11:14:36
2025-02,"$125,000 - $249,999",7808.0,25838.0,3.6,data\pdfs\nc_housing_2025-02.pdf,2026-03-04 11:14:36
2025-02,$1M - $1.99M,2911.0,5752.0,6.1,data\pdfs\nc_housing_2025-02.pdf,2026-03-04 11:14:36
2025-02,"$250,000 - $374,999",15971.0,47673.0,4.0,data\pdfs\nc_housing_2025-02.pdf,2026-03-04 11:14:36
2025-02,$2M and up,987.0,1238.0,9.6,data\pdfs\nc_housing_2025-02.pdf,2026-03-04 11:14:36
2025-02,"$375,000 - $499,999",11726.0,32917.0,4.3,data\pdfs\nc_housing_2025-02.pdf,2026-03-04 11:14:36
2025-02,"$500,000 - $624,999",5193.0,14492.0,4.3,data\pdfs\nc_housing_2025-02.pdf,2026-03-04 11:14:36
2025-02,"$625,000 - $749,999",3299.0,8787.0,4.5,data\pdfs\nc_housing_2025-02.pdf,2026-03-04 11:14:36
2025-02,"$750,000 - $874,999",2008.0,5009.0,4.8,data\pdfs\nc_housing_2025-02.pdf,2026-03-04 11:14:36
2025-02,"$875,000 - $999,999",1356.0,3265.0,5.0,data\pdfs\nc_housing_2025-02.pdf,2026-03-04 11:14:36
2025-02,"Below $125,000",1254.0,3903.0,3.9,data\pdfs\nc_housing_2025-02.pdf,2026-03-04 11:14:36
2025-03,"$125,000 - $249,999",7808.0,25838.0,3.6,data\pdfs\nc_housing_2025-03.pdf,2026-03-04 11:14:36
2025-03,$1M - $1.99M,2911.0,5752.0,6.1,data\pdfs\nc_housing_2025-03.pdf,2026-03-04 11:14:36
2025-03,"$250,000 - $374,999",15971.0,47673.0,4.0,data\pdfs\nc_housing_2025-03.pdf,2026-03-04 11:14:36
2025-03,$2M and up,987.0,1238.0,9.6,data\pdfs\nc_housing_2025-03.pdf,2026-03-04 11:14:36
2025-03,"$375,000 - $499,999",11726.0,32917.0,4.3,data\pdfs\nc_housing_2025-03.pdf,2026-03-04 11:14:36
2025-03,"$500,000 - $624,999",5193.0,14492.0,4.3,data\pdfs\nc_housing_2025-03.pdf,2026-03-04 11:14:36
2025-03,"$625,000 - $749,999",3299.0,8787.0,4.5,data\pdfs\nc_housing_2025-03.pdf,2026-03-04 11:14:36
2025-03,"$750,000 - $874,999",2008.0,5009.0,4.8,data\pdfs\nc_housing_2025-03.pdf,2026-03-04 11:14:36
2025-03,"$875,000 - $999,999",1356.0,3265.0,5.0,data\pdfs\nc_housing_2025-03.pdf,2026-03-04 11:14:36
2025-03,"Below $125,000",1254.0,3903.0,3.9,data\pdfs\nc_housing_2025-03.pdf,2026-03-04 11:14:36
2025-04,"$125,000 - $249,999",8672.0,24908.0,4.2,data\pdfs\nc_housing_2025-04.pdf,2026-03-04 11:14:36
2025-04,$1M - $1.99M,3856.0,5825.0,8.0,data\pdfs\nc_housing_2025-04.pdf,2026-03-04 11:14:36
2025-04,"$250,000 - $374,999",18562.0,46200.0,4.8,data\pdfs\nc_housing_2025-04.pdf,2026-03-04 11:14:36
2025-04,$2M and up,1285.0,1232.0,12.6,data\pdfs\nc_housing_2025-04.pdf,2026-03-04 11:14:36
2025-04,"$375,000 - $499,999",14005.0,32110.0,5.2,data\pdfs\nc_housing_2025-04.pdf,2026-03-04 11:14:36
2025-04,"$500,000 - $624,999",6511.0,14202.0,5.5,data\pdfs\nc_housing_2025-04.pdf,2026-03-04 11:14:36
2025-04,"$625,000 - $749,999",4223.0,8682.0,5.8,data\pdfs\nc_housing_2025-04.pdf,2026-03-04 11:14:36
2025-04,"$750,000 - $874,999",2566.0,5001.0,6.2,data\pdfs\nc_housing_2025-04.pdf,2026-03-04 11:14:36
2025-04,"$875,000 - $999,999",1787.0,3247.0,6.6,data\pdfs\nc_housing_2025-04.pdf,2026-03-04 11:14:36
2025-04,"Below $125,000",1330.0,3708.0,4.3,data\pdfs\nc_housing_2025-04.pdf,2026-03-04 11:14:36
2025-05,"$125,000 - $249,999",8311.0,23587.0,4.2,data\pdfs\nc_housing_2025-05.pdf,2026-03-04 11:14:36
2025-05,$1M - $1.99M,4341.0,5796.0,9.0,data\pdfs\nc_housing_2025-05.pdf,2026-03-04 11:14:36
2025-05,"$250,000 - $374,999",19638.0,45398.0,5.2,data\pdfs\nc_housing_2025-05.pdf,2026-03-04 11:14:36
2025-05,$2M and up,1456.0,1225.0,14.3,data\pdfs\nc_housing_2025-05.pdf,2026-03-04 11:14:36
2025-05,"$375,000 - $499,999",15326.0,31811.0,5.8,data\pdfs\nc_housing_2025-05.pdf,2026-03-04 11:14:36
2025-05,"$500,000 - $624,999",7394.0,14095.0,6.3,data\pdfs\nc_housing_2025-05.pdf,2026-03-04 11:14:36
2025-05,"$625,000 - $749,999",4756.0,8595.0,6.6,data\pdfs\nc_housing_2025-05.pdf,2026-03-04 11:14:36
2025-05,"$750,000 - $874,999",2940.0,5000.0,7.1,data\pdfs\nc_housing_2025-05.pdf,2026-03-04 11:14:36
2025-05,"$875,000 - $999,999",2072.0,3183.0,7.8,data\pdfs\nc_housing_2025-05.pdf,2026-03-04 11:14:36
2025-05,"Below $125,000",1272.0,3507.0,4.4,data\pdfs\nc_housing_2025-05.pdf,2026-03-04 11:14:36
2025-06,"$125,000 - $249,999",8247.0,23333.0,4.2,data\pdfs\nc_housing_2025-06.pdf,2026-03-04 11:14:37
2025-06,$1M - $1.99M,4266.0,5797.0,8.8,data\pdfs\nc_housing_2025-06.pdf,2026-03-04 11:14:37
2025-06,"$250,000 - $374,999",19558.0,45180.0,5.2,data\pdfs\nc_housing_2025-06.pdf,2026-03-04 11:14:37
2025-06,$2M and up,1471.0,1198.0,14.9,data\pdfs\nc_housing_2025-06.pdf,2026-03-04 11:14:37
2025-06,"$375,000 - $499,999",15257.0,31876.0,5.7,data\pdfs\nc_housing_2025-06.pdf,2026-03-04 11:14:37
2025-06,"$500,000 - $624,999",7412.0,14158.0,6.3,data\pdfs\nc_housing_2025-06.pdf,2026-03-04 11:14:37
2025-06,"$625,000 - $749,999",4748.0,8566.0,6.7,data\pdfs\nc_housing_2025-06.pdf,2026-03-04 11:14:37
2025-06,"$750,000 - $874,999",2952.0,5022.0,7.1,data\pdfs\nc_housing_2025-06.pdf,2026-03-04 11:14:37
2025-06,"$875,000 - $999,999",2053.0,3148.0,7.8,data\pdfs\nc_housing_2025-06.pdf,2026-03-04 11:14:37
2025-06,"Below $125,000",1179.0,3477.0,4.1,data\pdfs\nc_housing_2025-06.pdf,2026-03-04 11:14:37
2025-07,"$125,000 - $249,999",8274.0,23215.0,4.3,data\pdfs\nc_housing_2025-07.pdf,2026-03-04 11:14:37
2025-07,$1M - $1.99M,4201.0,5911.0,8.5,data\pdfs\nc_housing_2025-07.pdf,2026-03-04 11:14:37
2025-07,"$250,000 - $374,999",19812.0,45305.0,5.2,data\pdfs\nc_housing_2025-07.pdf,2026-03-04 11:14:37
2025-07,$2M and up,1504.0,1234.0,14.7,data\pdfs\nc_housing_2025-07.pdf,2026-03-04 11:14:37
2025-07,"$375,000 - $499,999",15417.0,32178.0,5.8,data\pdfs\nc_housing_2025-07.pdf,2026-03-04 11:14:37
2025-07,"$500,000 - $624,999",7419.0,14341.0,6.2,data\pdfs\nc_housing_2025-07.pdf,2026-03-04 11:14:37
2025-07,"$625,000 - $749,999",4655.0,8606.0,6.5,data\pdfs\nc_housing_2025-07.pdf,2026-03-04 11:14:37
2025-07,"$750,000 - $874,999",2906.0,5069.0,6.9,data\pdfs\nc_housing_2025-07.pdf,2026-03-04 11:14:37
2025-07,"$875,000 - $999,999",2012.0,3194.0,7.6,data\pdfs\nc_housing_2025-07.pdf,2026-03-04 11:14:37
2025-07,"Below $125,000",1170.0,3449.0,4.1,data\pdfs\nc_housing_2025-07.pdf,2026-03-04 11:14:37
2025-08,"$125,000 - $249,999",8552.0,22989.0,4.5,data\pdfs\nc_housing_2025-08.pdf,2026-03-04 11:14:37
2025-08,$1M - $1.99M,4052.0,6023.0,8.1,data\pdfs\nc_housing_2025-08.pdf,2026-03-04 11:14:37
2025-08,"$250,000 - $374,999",19817.0,45389.0,5.2,data\pdfs\nc_housing_2025-08.pdf,2026-03-04 11:14:37
2025-08,$2M and up,1505.0,1217.0,14.9,data\pdfs\nc_housing_2025-08.pdf,2026-03-04 11:14:37
2025-08,"$375,000 - $499,999",15269.0,32301.0,5.7,data\pdfs\nc_housing_2025-08.pdf,2026-03-04 11:14:37
2025-08,"$500,000 - $624,999",7354.0,14425.0,6.1,data\pdfs\nc_housing_2025-08.pdf,2026-03-04 11:14:37
2025-08,"$625,000 - $749,999",4649.0,8706.0,6.4,data\pdfs\nc_housing_2025-08.pdf,2026-03-04 11:14:37
2025-08,"$750,000 - $874,999",2903.0,5045.0,6.9,data\pdfs\nc_housing_2025-08.pdf,2026-03-04 11:14:37
2025-08,"$875,000 - $999,999",1943.0,3265.0,7.1,data\pdfs\nc_housing_2025-08.pdf,2026-03-04 11:14:37
2025-08,"Below $125,000",1179.0,3415.0,4.2,data\pdfs\nc_housing_2025-08.pdf,2026-03-04 11:14:37
2025-09,"$125,000 - $249,999",8638.0,22830.0,4.5,data\pdfs\nc_housing_2025-09.pdf,2026-03-04 11:14:37
2025-09,$1M - $1.99M,4088.0,6113.0,8.0,data\pdfs\nc_housing_2025-09.pdf,2026-03-04 11:14:37
2025-09,"$250,000 - $374,999",19633.0,45364.0,5.2,data\pdfs\nc_housing_2025-09.pdf,2026-03-04 11:14:37
2025-09,$2M and up,1502.0,1237.0,14.6,data\pdfs\nc_housing_2025-09.pdf,2026-03-04 11:14:37
2025-09,"$375,000 - $499,999",15129.0,32158.0,5.6,data\pdfs\nc_housing_2025-09.pdf,2026-03-04 11:14:37
2025-09,"$500,000 - $624,999",7309.0,14440.0,6.1,data\pdfs\nc_housing_2025-09.pdf,2026-03-04 11:14:37
2025-09,"$625,000 - $749,999",4682.0,8803.0,6.4,data\pdfs\nc_housing_2025-09.pdf,2026-03-04 11:14:37
2025-09,"$750,000 - $874,999",2877.0,5064.0,6.8,data\pdfs\nc_housing_2025-09.pdf,2026-03-04 11:14:37
2025-09,"$875,000 - $999,999",1956.0,3290.0,7.1,data\pdfs\nc_housing_2025-09.pdf,2026-03-04 11:14:37
2025-09,"Below $125,000",1185.0,3387.0,4.2,data\pdfs\nc_housing_2025-09.pdf,2026-03-04 11:14:37
2025-10,"$125,000 - $249,999",8680.0,22753.0,4.6,data\pdfs\nc_housing_2025-10.pdf,2026-03-04 11:14:37
2025-10,$1M - $1.99M,3997.0,6235.0,7.7,data\pdfs\nc_housing_2025-10.pdf,2026-03-04 11:14:37
2025-10,"$250,000 - $374,999",19538.0,45689.0,5.1,data\pdfs\nc_housing_2025-10.pdf,2026-03-04 11:14:37
2025-10,$2M and up,1505.0,1245.0,14.6,data\pdfs\nc_housing_2025-10.pdf,2026-03-04 11:14:37
2025-10,"$375,000 - $499,999",14747.0,32328.0,5.5,data\pdfs\nc_housing_2025-10.pdf,2026-03-04 11:14:37
2025-10,"$500,000 - $624,999",7082.0,14570.0,5.8,data\pdfs\nc_housing_2025-10.pdf,2026-03-04 11:14:37
2025-10,"$625,000 - $749,999",4598.0,8886.0,6.2,data\pdfs\nc_housing_2025-10.pdf,2026-03-04 11:14:37
2025-10,"$750,000 - $874,999",2754.0,5096.0,6.5,data\pdfs\nc_housing_2025-10.pdf,2026-03-04 11:14:37
2025-10,"$875,000 - $999,999",1954.0,3305.0,7.1,data\pdfs\nc_housing_2025-10.pdf,2026-03-04 11:14:37
2025-10,"Below $125,000",1186.0,3376.0,4.2,data\pdfs\nc_housing_2025-10.pdf,2026-03-04 11:14:37
2025-11,"$125,000 - $249,999",8375.0,22679.0,4.4,data\pdfs\nc_housing_2025-11.pdf,2026-02-23 15:13:07
2025-11,$1M - $1.99M,3661.0,6363.0,6.9,data\pdfs\nc_housing_2025-11.pdf,2026-02-23 15:13:07
2025-11,"$250,000 - $374,999",18657.0,45804.0,4.9,data\pdfs\nc_housing_2025-11.pdf,2026-02-23 15:13:07
2025-11,$2M and up,1415.0,1281.0,13.3,data\pdfs\nc_housing_2025-11.pdf,2026-02-23 15:13:07
2025-11,"$375,000 - $499,999",13791.0,32342.0,5.1,data\pdfs\nc_housing_2025-11.pdf,2026-02-23 15:13:07
2025-11,"$500,000 - $624,999",6488.0,14583.0,5.3,data\pdfs\nc_housing_2025-11.pdf,2026-02-23 15:13:07
2025-11,"$625,000 - $749,999",4228.0,9042.0,5.6,data\pdfs\nc_housing_2025-11.pdf,2026-02-23 15:13:07
2025-11,"$750,000 - $874,999",2491.0,5193.0,5.8,data\pdfs\nc_housing_2025-11.pdf,2026-02-23 15:13:07
2025-11,"$875,000 - $999,999",1767.0,3327.0,6.4,data\pdfs\nc_housing_2025-11.pdf,2026-02-23 15:13:07
2025-11,"Below $125,000",1060.0,3333.0,3.8,data\pdfs\nc_housing_2025-11.pdf,2026-02-23 15:13:07
2025-12,"$125,000 - $249,999",7098.0,22422.0,3.8,data\pdfs\nc_housing_2025-12.pdf,2026-02-23 15:13:23
2025-12,$1M - $1.99M,2857.0,6376.0,5.4,data\pdfs\nc_housing_2025-12.pdf,2026-02-23 15:13:23
2025-12,"$250,000 - $374,999",16067.0,45654.0,4.2,data\pdfs\nc_housing_2025-12.pdf,2026-02-23 15:13:23
2025-12,$2M and up,1198.0,1313.0,11.0,data\pdfs\nc_housing_2025-12.pdf,2026-02-23 15:13:23
2025-12,"$375,000 - $499,999",11454.0,32219.0,4.3,data\pdfs\nc_housing_2025-12.pdf,2026-02-23 15:13:23
2025-12,"$500,000 - $624,999",5259.0,14594.0,4.3,data\pdfs\nc_housing_2025-12.pdf,2026-02-23 15:13:23
2025-12,"$625,000 - $749,999",3435.0,9091.0,4.5,data\pdfs\nc_housing_2025-12.pdf,2026-02-23 15:13:23
2025-12,"$750,000 - $874,999",1992.0,5234.0,4.6,data\pdfs\nc_housing_2025-12.pdf,2026-02-23 15:13:23
2025-12,"$875,000 - $999,999",1411.0,3339.0,5.1,data\pdfs\nc_housing_2025-12.pdf,2026-02-23 15:13:23
2025-12,"Below $125,000",905.0,3307.0,3.3,data\pdfs\nc_housing_2025-12.pdf,2026-02-23 15:13:23
2026-01,"$125,000 - $249,999",7789.0,22411.0,4.2,data\pdfs\nc_housing_2026-01.pdf,2026-03-04 13:55:59
2026-01,$1M - $1.99M,2923.0,6505.0,5.4,data\pdfs\nc_housing_2026-01.pdf,2026-03-04 13:55:59
2026-01,"$250,000 - $374,999",17508.0,46027.0,4.6,data\pdfs\nc_housing_2026-01.pdf,2026-03-04 13:55:59
2026-01,$2M and up,1216.0,1378.0,10.7,data\pdfs\nc_housing_2026-01.pdf,2026-03-04 13:55:59
2026-01,"$375,000 - $499,999",12180.0,32478.0,4.5,data\pdfs\nc_housing_2026-01.pdf,2026-03-04 13:55:59
2026-01,"$500,000 - $624,999",5571.0,14700.0,4.5,data\pdfs\nc_housing_2026-01.pdf,2026-03-04 13:55:59
2026-01,"$625,000 - $749,999",3576.0,9112.0,4.7,data\pdfs\nc_housing_2026-01.pdf,2026-03-04 13:55:59
2026-01,"$750,000 - $874,999",1992.0,5308.0,4.5,data\pdfs\nc_housing_2026-01.pdf,2026-03-04 13:55:59
2026-01,"$875,000 - $999,999",1445.0,3374.0,5.1,data\pdfs\nc_housing_2026-01.pdf,2026-03-04 13:55:59
2026-01,"Below $125,000",1009.0,3284.0,3.7,data\pdfs\nc_housing_2026-01.pdf,2026-03-04 13:55:59
